{
    "keyboard_name": "cassette42",
    "manufacturer": "monksoffunk",
    "url": "http://www.sho-k.co.uk/tech/1246.html",
    "maintainer": "monksoffunk",
    "usb": {
        "vid": "0xFEED",
        "pid": "0xCA42",
        "device_version": "0.0.1"
    },
    "features": {
        "bootmagic": false,
        "mousekey": false,
        "extrakey": true,
        "rgblight": true,
        "encoder": true,
        "oled": true
    },
    "encoder": {
        "rotary": [
            {"pin_a": "B6", "pin_b": "B2"},
            {"pin_a": "B3", "pin_b": "B1"}
        ]
    },
    "rgblight": {
        "saturation_steps": 8,
        "brightness_steps": 8,
        "led_count": 5,
        "sleep": true,
        "animations": {
            "breathing": true,
            "rainbow_mood": true,
            "rainbow_swirl": true,
            "snake": true,
            "knight": true,
            "christmas": true,
            "static_gradient": true,
            "rgb_test": true,
            "alternating": true,
            "twinkle": true
        }
    },
    "ws2812": {
        "pin": "D3"
    },
    "processor": "atmega32u4",
    "bootloader": "caterina",
    "matrix_pins": {
        "direct": [
            ["B4", "F6", "F5", "F4", "B5", "F7"]
        ]
    },
    "layouts": {
        "LAYOUT": {
            "layout": [
                {"x": 0.5, "y": 0, "matrix": [0, 4]},
                {"x": 2.5, "y": 0, "matrix": [0, 5]},
                {"x": 0, "y": 1, "matrix": [0, 0]},
                {"x": 1, "y": 1, "matrix": [0, 1]},
                {"x": 2, "y": 1, "matrix": [0, 2]},
                {"x": 3, "y": 1, "matrix": [0, 3]}
            ]
        }
    }
}
