{
  "keyboard_name": "Gherkin",
  "manufacturer": "40 Percent Club",
  "url": "",
  "maintainer": "qmk",
  "usb": {
    "vid": "0x4025",
    "pid": "0x6060",
    "device_version": "0.0.1"
  },
  "features": {
    "bootmagic": true,
    "mousekey": true,
    "extrakey": true,
    "nkro": true,
    "backlight": true
  },
  "qmk": {
    "locking": {
      "enabled": true,
      "resync": true
    }
  },
  "community_layouts": ["ortho_3x10"],
  "layouts": {
    "LAYOUT_ortho_3x10": {
      "layout": [
        {"matrix": [0, 0], "x": 0, "y": 0},
        {"matrix": [0, 1], "x": 1, "y": 0},
        {"matrix": [0, 2], "x": 2, "y": 0},
        {"matrix": [0, 3], "x": 3, "y": 0},
        {"matrix": [0, 4], "x": 4, "y": 0},
        {"matrix": [0, 5], "x": 5, "y": 0},
        {"matrix": [1, 0], "x": 6, "y": 0},
        {"matrix": [1, 1], "x": 7, "y": 0},
        {"matrix": [1, 2], "x": 8, "y": 0},
        {"matrix": [1, 3], "x": 9, "y": 0},

        {"matrix": [1, 4], "x": 0, "y": 1},
        {"matrix": [1, 5], "x": 1, "y": 1},
        {"matrix": [2, 0], "x": 2, "y": 1},
        {"matrix": [2, 1], "x": 3, "y": 1},
        {"matrix": [2, 2], "x": 4, "y": 1},
        {"matrix": [2, 3], "x": 5, "y": 1},
        {"matrix": [2, 4], "x": 6, "y": 1},
        {"matrix": [2, 5], "x": 7, "y": 1},
        {"matrix": [3, 0], "x": 8, "y": 1},
        {"matrix": [3, 1], "x": 9, "y": 1},

        {"matrix": [3, 2], "x": 0, "y": 2},
        {"matrix": [3, 3], "x": 1, "y": 2},
        {"matrix": [3, 4], "x": 2, "y": 2},
        {"matrix": [3, 5], "x": 3, "y": 2},
        {"matrix": [4, 0], "x": 4, "y": 2},
        {"matrix": [4, 1], "x": 5, "y": 2},
        {"matrix": [4, 2], "x": 6, "y": 2},
        {"matrix": [4, 3], "x": 7, "y": 2},
        {"matrix": [4, 4], "x": 8, "y": 2},
        {"matrix": [4, 5], "x": 9, "y": 2}
      ]
    }
  }
}
