{
	"name": "pianoforte hotswap PCB",
	"vendorId": "0x6168",
	"productId": "0x7068",
	"lighting": "none",
	"matrix": {
		"rows": 12,
		"cols": 9
	},	
	"keymap":[
		[
			  [
				"0,0",
				{
				  "x": 0.25
				},
				"1,0",
				"0,1",
				"1,1",
				"0,2",
				{
				  "x": 0.25
				},
				"1,2",
				"0,3",
				"1,3",
				"0,4",
				{
				  "x": 0.25
				},
				"1,4",
				"0,5",
				"1,5",
				"0,6",
				{
				  "x": 0.25
				},
				"1,6",
				{
				  "x": 0.25
				},
				"0,7",
				"1,7",
				"0,8"
			  ],
			  [
				{
				  "y": 0.25
				},
				"2,0",
				"3,0",
				"2,1",
				"3,1",
				"2,2",
				"3,2",
				"2,3",
				"3,3",
				"2,4",
				"3,4",
				"2,5",
				"3,5",
				"2,6",
				{
				  "w": 2
				},
				"3,6",
				{
				  "x": 0.25
				},
				"2,7",
				"3,7",
				"2,8"
			  ],
			  [
				{
				  "w": 1.5
				},
				"4,0",
				"5,0",
				"4,1",
				"5,1",
				"4,2",
				"5,2",
				"4,3",
				"5,3",
				"4,4",
				"5,4",
				"4,5",
				"5,5",
				"4,6",
				{
				  "w": 1.5
				},
				"5,6",
				{
				  "x": 0.25
				},
				"4,7",
				"5,7",
				"4,8"
			  ],
			  [
				{
				  "w": 1.75
				},
				"6,0",
				"7,0",
				"6,1",
				"7,1",
				"6,2",
				"7,2",
				"6,3",
				"7,3",
				"6,4",
				"7,4",
				"6,5",
				"7,5",
				{
				  "w": 2.25
				},
				"6,6"
			  ],
			  [
				{
				  "w": 2.25
				},
				"8,0",
				"9,0",
				"8,1",
				"9,1",
				"8,2",
				"9,2",
				"8,3",
				"9,3",
				"8,4",
				"9,4",
				"8,5",
				{
				  "w": 2.75
				},
				"9,6",
				{
				  "x": 1.25
				},
				"8,7"
			  ],
			  [
				{
				  "w": 1.25
				},
				"10,0",
				{
				  "w": 1.25
				},
				"11,0",
				{
				  "w": 1.25
				},
				"10,1",
				{
				  "w": 6.25
				},
				"11,2",
				{
				  "w": 1.25
				},
				"10,4",
				{
				  "w": 1.25
				},
				"11,5",
				{
				  "w": 1.25
				},
				"10,6",
				{
				  "w": 1.25
				},
				"11,6",
				{
				  "x": 0.25
				},
				"10,7",
				"11,7",
				"10,8"
			]
		]
	]
}	