{
  "name": "TIDBIT",
  "vendorId": "0x6E61",
  "productId": "0x6061",
  "lighting": "qmk_rgblight",
  "matrix": {"rows": 5,"cols": 4},
  "layouts": {
    "labels": [
      "2U + Key",
      "2U Enter Key",
      "2U 0 Key"
    ],
    "keymap": [
      [{"x":1},"0,1","0,2","0,3"],
      ["1,0","1,1","1,2","1,3\n\n\n0,0",{"h":2},"1,3\n\n\n0,1"],
      ["2,0","2,1","2,2","2,3\n\n\n0,0"],
      ["3,0","3,1","3,2","3,3\n\n\n1,0",{"h":2},"3,3\n\n\n1,1"],
      ["4,0\n\n\n2,0","4,1\n\n\n2,0","4,2","4,3\n\n\n1,0"],
      [{"w":2},"4,0\n\n\n2,1"]
    ]
  }
}
