{
    "keyboard_name": "i75",
    "manufacturer": "di0ib",
    "url": "",
    "maintainer": "qmk",
    "usb": {
        "vid": "0x4025",
        "pid": "0x0A0C",
        "device_version": "1.7.5"
    },
    "features": {
        "bootmagic": true,
        "mousekey": true,
        "extrakey": true,
        "console": true,
        "command": true
    },
    "qmk": {
        "locking": {
            "enabled": true,
            "resync": true
        }
    },
    "community_layouts": ["ortho_5x15"],
    "layouts": {
        "LAYOUT_ortho_5x15": {
            "layout": [
                {"matrix": [0, 0], "x": 0, "y": 0},
                {"matrix": [0, 1], "x": 1, "y": 0},
                {"matrix": [0, 2], "x": 2, "y": 0},
                {"matrix": [0, 3], "x": 3, "y": 0},
                {"matrix": [0, 4], "x": 4, "y": 0},
                {"matrix": [0, 5], "x": 5, "y": 0},
                {"matrix": [0, 6], "x": 6, "y": 0},
                {"matrix": [0, 7], "x": 7, "y": 0},
                {"matrix": [0, 8], "x": 8, "y": 0},
                {"matrix": [1, 0], "x": 9, "y": 0},
                {"matrix": [1, 1], "x": 10, "y": 0},
                {"matrix": [1, 2], "x": 11, "y": 0},
                {"matrix": [1, 3], "x": 12, "y": 0},
                {"matrix": [1, 4], "x": 13, "y": 0},
                {"matrix": [1, 5], "x": 14, "y": 0},

                {"matrix": [1, 6], "x": 0, "y": 1},
                {"matrix": [1, 7], "x": 1, "y": 1},
                {"matrix": [1, 8], "x": 2, "y": 1},
                {"matrix": [2, 0], "x": 3, "y": 1},
                {"matrix": [2, 1], "x": 4, "y": 1},
                {"matrix": [2, 2], "x": 5, "y": 1},
                {"matrix": [2, 3], "x": 6, "y": 1},
                {"matrix": [2, 4], "x": 7, "y": 1},
                {"matrix": [2, 5], "x": 8, "y": 1},
                {"matrix": [2, 6], "x": 9, "y": 1},
                {"matrix": [2, 7], "x": 10, "y": 1},
                {"matrix": [2, 8], "x": 11, "y": 1},
                {"matrix": [3, 0], "x": 12, "y": 1},
                {"matrix": [3, 1], "x": 13, "y": 1},
                {"matrix": [3, 2], "x": 14, "y": 1},

                {"matrix": [3, 3], "x": 0, "y": 2},
                {"matrix": [3, 4], "x": 1, "y": 2},
                {"matrix": [3, 5], "x": 2, "y": 2},
                {"matrix": [3, 6], "x": 3, "y": 2},
                {"matrix": [3, 7], "x": 4, "y": 2},
                {"matrix": [3, 8], "x": 5, "y": 2},
                {"matrix": [4, 0], "x": 6, "y": 2},
                {"matrix": [4, 1], "x": 7, "y": 2},
                {"matrix": [4, 2], "x": 8, "y": 2},
                {"matrix": [4, 3], "x": 9, "y": 2},
                {"matrix": [4, 4], "x": 10, "y": 2},
                {"matrix": [4, 5], "x": 11, "y": 2},
                {"matrix": [4, 6], "x": 12, "y": 2},
                {"matrix": [4, 7], "x": 13, "y": 2},
                {"matrix": [4, 8], "x": 14, "y": 2},

                {"matrix": [5, 0], "x": 0, "y": 3},
                {"matrix": [5, 1], "x": 1, "y": 3},
                {"matrix": [5, 2], "x": 2, "y": 3},
                {"matrix": [5, 3], "x": 3, "y": 3},
                {"matrix": [5, 4], "x": 4, "y": 3},
                {"matrix": [5, 5], "x": 5, "y": 3},
                {"matrix": [5, 6], "x": 6, "y": 3},
                {"matrix": [5, 7], "x": 7, "y": 3},
                {"matrix": [5, 8], "x": 8, "y": 3},
                {"matrix": [6, 0], "x": 9, "y": 3},
                {"matrix": [6, 1], "x": 10, "y": 3},
                {"matrix": [6, 2], "x": 11, "y": 3},
                {"matrix": [6, 3], "x": 12, "y": 3},
                {"matrix": [6, 4], "x": 13, "y": 3},
                {"matrix": [6, 5], "x": 14, "y": 3},

                {"matrix": [6, 6], "x": 0, "y": 4},
                {"matrix": [6, 7], "x": 1, "y": 4},
                {"matrix": [6, 8], "x": 2, "y": 4},
                {"matrix": [7, 0], "x": 3, "y": 4},
                {"matrix": [7, 1], "x": 4, "y": 4},
                {"matrix": [7, 2], "x": 5, "y": 4},
                {"matrix": [7, 3], "x": 6, "y": 4},
                {"matrix": [7, 4], "x": 7, "y": 4},
                {"matrix": [7, 5], "x": 8, "y": 4},
                {"matrix": [7, 6], "x": 9, "y": 4},
                {"matrix": [7, 7], "x": 10, "y": 4},
                {"matrix": [7, 8], "x": 11, "y": 4},
                {"matrix": [8, 0], "x": 12, "y": 4},
                {"matrix": [8, 1], "x": 13, "y": 4},
                {"matrix": [8, 2], "x": 14, "y": 4}
            ]
        }
    }
}
