{
    "manufacturer": "Pablo Jimenez Mateo",
    "keyboard_name": "classic48",
    "maintainer": "pablojimenezmateo",
    "development_board": "promicro_rp2040",
    "diode_direction": "COL2ROW",
    "features": {
        "bootmagic": false,
        "command": false,
        "console": false,
        "extrakey": false,
        "mousekey": true,
        "nkro": false,
        "rgblight": false,
        "rgb_matrix": true
    },
    "matrix_pins": {
        "cols": ["GP23", "GP21", "GP16", "GP15", "GP14", "GP13"],
        "rows": ["GP27", "GP26", "GP22", "GP20"]
    },
    "url": "",
    "usb": {
        "device_version": "1.0.0",
        "pid": "0x0000",
        "vid": "0xFEED"
    },
    "split": {
        "enabled": true,
        "serial": {
          "driver": "vendor",
          "pin": "GP28"
        },
        "transport":{
            "sync": {
                "layer_state": true
            }
        }
      },
    "tapping": {
        "term": 200
    },
    "ws2812": {
        "pin": "GP29",
        "driver": "vendor"
    },
    "rgb_matrix": {
        "driver": "ws2812",
        "layout": [
            {"flags": 4, "matrix": [0, 0], "x": 0, "y": 0},
            {"flags": 4, "matrix": [0, 1], "x": 20, "y": 0},
            {"flags": 4, "matrix": [0, 2], "x": 40, "y": 0},
            {"flags": 4, "matrix": [0, 3], "x": 60, "y": 0},
            {"flags": 4, "matrix": [0, 4], "x": 80, "y": 0},
            {"flags": 4, "matrix": [0, 5], "x": 100, "y": 0},

            
            {"flags": 4, "matrix": [4, 0], "x": 240, "y": 0},
            {"flags": 4, "matrix": [4, 1], "x": 220, "y": 0},
            {"flags": 4, "matrix": [4, 2], "x": 200, "y": 0},
            {"flags": 4, "matrix": [4, 3], "x": 180, "y": 0},
            {"flags": 4, "matrix": [4, 4], "x": 160, "y": 0},
            {"flags": 4, "matrix": [4, 5], "x": 140, "y": 0},
            
            {"flags": 4, "matrix": [1, 0], "x": 0, "y": 20},
            {"flags": 4, "matrix": [1, 1], "x": 20, "y": 20},
            {"flags": 4, "matrix": [1, 2], "x": 40, "y": 20},
            {"flags": 4, "matrix": [1, 3], "x": 60, "y": 20},
            {"flags": 4, "matrix": [1, 4], "x": 80, "y": 20},
            {"flags": 4, "matrix": [1, 5], "x": 100, "y": 20},
            
            {"flags": 4, "matrix": [5, 0], "x": 240, "y": 20},
            {"flags": 4, "matrix": [5, 1], "x": 220, "y": 20},
            {"flags": 4, "matrix": [5, 2], "x": 200, "y": 20},
            {"flags": 4, "matrix": [5, 3], "x": 180, "y": 20},
            {"flags": 4, "matrix": [5, 4], "x": 160, "y": 20},
            {"flags": 4, "matrix": [5, 5], "x": 140, "y": 20},

            {"flags": 4, "matrix": [2, 0], "x": 0, "y": 40},
            {"flags": 4, "matrix": [2, 1], "x": 20, "y": 40},
            {"flags": 4, "matrix": [2, 2], "x": 40, "y": 40},
            {"flags": 4, "matrix": [2, 3], "x": 60, "y": 40},
            {"flags": 4, "matrix": [2, 4], "x": 80, "y": 40},
            {"flags": 4, "matrix": [2, 5], "x": 100, "y": 40},

            {"flags": 4, "matrix": [6, 0], "x": 240, "y": 40},
            {"flags": 4, "matrix": [6, 1], "x": 220, "y": 40},
            {"flags": 4, "matrix": [6, 2], "x": 200, "y": 40},
            {"flags": 4, "matrix": [6, 3], "x": 180, "y": 40},
            {"flags": 4, "matrix": [6, 4], "x": 160, "y": 40},
            {"flags": 4, "matrix": [6, 5], "x": 140, "y": 40},

            {"flags": 4, "matrix": [3, 0], "x": 0, "y": 60},
            {"flags": 4, "matrix": [3, 1], "x": 20, "y": 60},
            {"flags": 4, "matrix": [3, 2], "x": 40, "y": 60},
            {"flags": 4, "matrix": [3, 3], "x": 60, "y": 60},
            {"flags": 4, "matrix": [3, 4], "x": 80, "y": 60},
            {"flags": 4, "matrix": [3, 5], "x": 100, "y": 60},

            {"flags": 4, "matrix": [7, 0], "x": 240, "y": 60},
            {"flags": 4, "matrix": [7, 1], "x": 220, "y": 60},
            {"flags": 4, "matrix": [7, 2], "x": 200, "y": 60},
            {"flags": 4, "matrix": [7, 3], "x": 180, "y": 60},
            {"flags": 4, "matrix": [7, 4], "x": 160, "y": 60},
            {"flags": 4, "matrix": [7, 5], "x": 140, "y": 60}
        ],
        "max_brightness": 200
    },
    "layouts": {
        "LAYOUT": {
            "layout": [
                {"matrix": [0, 0], "x": 0, "y": 0},
                {"matrix": [0, 1], "x": 1, "y": 0},
                {"matrix": [0, 2], "x": 2, "y": 0},
                {"matrix": [0, 3], "x": 3, "y": 0},
                {"matrix": [0, 4], "x": 4, "y": 0},
                {"matrix": [0, 5], "x": 5, "y": 0},

                {"matrix": [4, 5], "x": 7, "y": 0},
                {"matrix": [4, 4], "x": 8, "y": 0},
                {"matrix": [4, 3], "x": 9, "y": 0},
                {"matrix": [4, 2], "x": 10, "y": 0},
                {"matrix": [4, 1], "x": 11, "y": 0},
                {"matrix": [4, 0], "x": 12, "y": 0},

                {"matrix": [1, 0], "x": 0, "y": 1},
                {"matrix": [1, 1], "x": 1, "y": 1},
                {"matrix": [1, 2], "x": 2, "y": 1},
                {"matrix": [1, 3], "x": 3, "y": 1},
                {"matrix": [1, 4], "x": 4, "y": 1},
                {"matrix": [1, 5], "x": 5, "y": 1},

                {"matrix": [5, 5], "x": 7, "y": 1},
                {"matrix": [5, 4], "x": 8, "y": 1},
                {"matrix": [5, 3], "x": 9, "y": 1},
                {"matrix": [5, 2], "x": 10, "y": 1},
                {"matrix": [5, 1], "x": 11, "y": 1},
                {"matrix": [5, 0], "x": 12, "y": 1},

                {"matrix": [2, 0], "x": 0, "y": 2},
                {"matrix": [2, 1], "x": 1, "y": 2},
                {"matrix": [2, 2], "x": 2, "y": 2},
                {"matrix": [2, 3], "x": 3, "y": 2},
                {"matrix": [2, 4], "x": 4, "y": 2},
                {"matrix": [2, 5], "x": 5, "y": 2},

                {"matrix": [6, 5], "x": 7, "y": 2},
                {"matrix": [6, 4], "x": 8, "y": 2},
                {"matrix": [6, 3], "x": 9, "y": 2},
                {"matrix": [6, 2], "x": 10, "y": 2},
                {"matrix": [6, 1], "x": 11, "y": 2},
                {"matrix": [6, 0], "x": 12, "y": 2},

                {"matrix": [3, 0], "x": 0, "y": 3},
                {"matrix": [3, 1], "x": 1, "y": 3},
                {"matrix": [3, 2], "x": 2, "y": 3},
                {"matrix": [3, 3], "x": 3, "y": 3},
                {"matrix": [3, 4], "x": 4, "y": 3},
                {"matrix": [3, 5], "x": 5, "y": 3},

                {"matrix": [7, 5], "x": 7, "y": 3},
                {"matrix": [7, 4], "x": 8, "y": 3},
                {"matrix": [7, 3], "x": 9, "y": 3},
                {"matrix": [7, 2], "x": 10, "y": 3},
                {"matrix": [7, 1], "x": 11, "y": 3},
                {"matrix": [7, 0], "x": 12, "y": 3}
            ]
        }
    }
}