{
    "keyboard_name": "AEKISO60 Rev A",
    "usb": {
        "pid": "0x0001",
        "device_version": "0.0.1"
    },
    "rgblight": {
        "saturation_steps": 8,
        "brightness_steps": 8,
        "led_count": 12,
        "animations": {
            "breathing": true,
            "rainbow_mood": true,
            "rainbow_swirl": true,
            "snake": true,
            "knight": true,
            "christmas": true,
            "static_gradient": true,
            "rgb_test": true,
            "alternating": true,
            "twinkle": true
        }
    },
    "ws2812": {
        "pin": "D3"
    },
    "features": {
        "bootmagic": true,
        "command": false,
        "console": false,
        "extrakey": true,
        "mousekey": false,
        "nkro": false
    },
    "matrix_pins": {
        "cols": ["C4", "C6", "B7", "B6", "B5", "B4", "B3", "B2", "B1", "D6", "D5", "D4", "D2", "D1"],
        "rows": ["C2", "D0", "B0", "C7", "C5"]
    },
    "diode_direction": "COL2ROW",
    "qmk_lufa_bootloader": {
        "esc_input": "C2",
        "esc_output": "C4"
    },
    "processor": "atmega32u2",
    "bootloader": "atmel-dfu"
}
