{
	"name": "pianoforte",
	"vendorId": "0x6168",
	"productId": "0x7066",
	"lighting": "none",
	"matrix": {
		"rows": 12,
		"cols": 9
	},
	"layouts": {
		"labels":[
			"Split Backspace", 
			"ISO Enter", 
			"Split Left Shift", 
			"Split Right Shift", 
			[
				"Bottom Row",
				"Standard Bottom",
				"7u Bottom"
			]
		],
		"keymap":[
			[
				{
				  "x": 2.5
				},
				"0,0",
				{
				  "x": 0.25
				},
				"1,0",
				"0,1",
				"1,1",
				"0,2",
				{
				  "x": 0.25
				},
				"1,2",
				"0,3",
				"1,3",
				"0,4",
				{
				  "x": 0.25
				},
				"1,4",
				"0,5",
				"1,5",
				"0,6",
				{
				  "x": 0.25
				},
				"1,6",
				{
				  "x": 0.25
				},
				"0,7",
				"1,7",
				"0,8"
			  ],
			  [
				{
				  "y": 0.25,
				  "x": 2.5
				},
				"2,0",
				"3,0",
				"2,1",
				"3,1",
				"2,2",
				"3,2",
				"2,3",
				"3,3",
				"2,4",
				"3,4",
				"2,5",
				"3,5",
				"2,6",
				{
				  "w": 2
				},
				"3,6\n\n\n0,0",
				{
				  "x": 0.25
				},
				"2,7",
				"3,7",
				"2,8",
				{
				  "x": 1
				},
				"3,6\n\n\n0,1",
				"6,7\n\n\n0,1"
			  ],
			  [
				{
				  "x": 2.5,
				  "w": 1.5
				},
				"4,0",
				"5,0",
				"4,1",
				"5,1",
				"4,2",
				"5,2",
				"4,3",
				"5,3",
				"4,4",
				"5,4",
				"4,5",
				"5,5",
				"4,6",
				{
				  "w": 1.5
				},
				"5,6\n\n\n1,0",
				{
				  "x": 0.25
				},
				"4,7",
				"5,7",
				"4,8",
				{
				  "x": 1.75,
				  "w": 1.25,
				  "h": 2,
				  "w2": 1.5,
				  "h2": 1,
				  "x2": -0.25
				},
				"7,6\n\n\n1,1"
			  ],
			  [
				{
				  "x": 2.5,
				  "w": 1.75
				},
				"6,0",
				"7,0",
				"6,1",
				"7,1",
				"6,2",
				"7,2",
				"6,3",
				"7,3",
				"6,4",
				"7,4",
				"6,5",
				"7,5",
				{
				  "w": 2.25
				},
				"7,6\n\n\n1,0",
				{
				  "x": 4
				},
				"6,6\n\n\n1,1"
			  ],
			  [
				{
				  "w": 1.25
				},
				"8,0\n\n\n2,1",
				"9,0\n\n\n2,1",
				{
				  "x": 0.25,
				  "w": 2.25
				},
				"8,0\n\n\n2,0",
				"8,1",
				"9,1",
				"8,2",
				"9,2",
				"8,3",
				"9,3",
				"8,4",
				"9,4",
				"8,5",
				"9,5",
				{
				  "w": 2.75
				},
				"9,6\n\n\n3,0",
				{
				  "x": 1.25
				},
				"9,7",
				{
				  "x": 1.25,
				  "w": 1.75
				},
				"8,6\n\n\n3,1",
				"8,7\n\n\n3,1"
			  ],
			  [
				{
				  "x": 2.5,
				  "w": 1.25
				},
				"10,0\n\n\n4,0",
				{
				  "w": 1.25
				},
				"11,0\n\n\n4,0",
				{
				  "w": 1.25
				},
				"10,1\n\n\n4,0",
				{
				  "w": 6.25
				},
				"11,3\n\n\n4,0",
				{
				  "w": 1.25
				},
				"10,5\n\n\n4,0",
				{
				  "w": 1.25
				},
				"11,5\n\n\n4,0",
				{
				  "w": 1.25
				},
				"10,6\n\n\n4,0",
				{
				  "w": 1.25
				},
				"11,6\n\n\n4,0",
				{
				  "x": 0.25
				},
				"10,7",
				"11,7",
				"10,8"
			  ],
			  [
				{
				  "y": 0.25,
				  "x": 2.5,
				  "w": 1.5
				},
				"10,0\n\n\n4,1",
				"11,0\n\n\n4,1",
				{
				  "w": 1.5
				},
				"10,1\n\n\n4,1",
				{
				  "w": 7
				},
				"11,3\n\n\n4,1",
				{
				  "w": 1.5
				},
				"11,5\n\n\n4,1",
				"10,6\n\n\n4,1",
				{
				  "w": 1.5
				},
				"11,6\n\n\n4,1"
			]
		]
	}
}