{
    "manufacturer": "HS",
    "keyboard_name": "EPOMAKER TIDE 75",
    "maintainer": "sdk66",
    "bootloader": "wb32-dfu",
    "bootmagic": {
        "matrix": [0, 0]
    },
    "diode_direction": "ROW2COL",
    "encoder": {
        "rotary": [
            {"pin_a": "B7", "pin_b": "B6"}
        ]
    },
    "features": {
        "bootmagic": true,
        "encoder": true,
        "extrakey": true,
        "mousekey": true,
        "nkro": true,
        "rgb_matrix": true
    },
    "matrix_pins": {
        "cols": ["C0", "C1", "C2", "C3", "A6", "B10", "B11", "B12", "B13", "B14", "A10", "C6", "C7", "C8", "C9"],
        "rows": ["A0", "A1", "A2", "A3", "A4", "C13"]
    },
    "processor": "WB32FQ95",
    "rgb_matrix": {
        "animations": {
            "alphas_mods": true,
            "band_pinwheel_sat": true,
            "band_pinwheel_val": true,
            "band_sat": true,
            "band_spiral_sat": true,
            "band_spiral_val": true,
            "band_val": true,
            "breathing": true,
            "cycle_all": true,
            "cycle_left_right": true,
            "cycle_out_in": true,
            "cycle_out_in_dual": true,
            "cycle_pinwheel": true,
            "cycle_spiral": true,
            "cycle_up_down": true,
            "digital_rain": true,
            "dual_beacon": true,
            "gradient_left_right": true,
            "gradient_up_down": true,
            "hue_breathing": true,
            "hue_pendulum": true,
            "hue_wave": true,
            "jellybean_raindrops": true,
            "multisplash": true,
            "pixel_flow": true,
            "pixel_fractal": true,
            "pixel_rain": true,
            "rainbow_beacon": true,
            "rainbow_moving_chevron": true,
            "rainbow_pinwheels": true,
            "raindrops": true,
            "solid_color": true,
            "solid_multisplash": true,
            "solid_reactive": true,
            "solid_reactive_cross": true,
            "solid_reactive_multicross": true,
            "solid_reactive_multinexus": true,
            "solid_reactive_multiwide": true,
            "solid_reactive_nexus": true,
            "solid_reactive_simple": true,
            "solid_reactive_wide": true,
            "solid_splash": true,
            "splash": true,
            "typing_heatmap": true
        },
        "driver": "ws2812",
        "layout": [
            {"matrix": [0, 0], "x": 0, "y": 0, "flags": 4},
            {"matrix": [0, 1], "x": 16, "y": 0, "flags": 4},
            {"matrix": [0, 2], "x": 32, "y": 0, "flags": 4},
            {"matrix": [0, 3], "x": 48, "y": 0, "flags": 4},
            {"matrix": [0, 4], "x": 64, "y": 0, "flags": 4},
            {"matrix": [0, 5], "x": 80, "y": 0, "flags": 4},
            {"matrix": [0, 6], "x": 96, "y": 0, "flags": 4},
            {"matrix": [0, 7], "x": 112, "y": 0, "flags": 4},
            {"matrix": [0, 8], "x": 128, "y": 0, "flags": 4},
            {"matrix": [0, 9], "x": 144, "y": 0, "flags": 4},
            {"matrix": [0, 10], "x": 160, "y": 0, "flags": 4},
            {"matrix": [0, 11], "x": 176, "y": 0, "flags": 4},
            {"matrix": [0, 12], "x": 192, "y": 0, "flags": 4},
            {"matrix": [0, 13], "x": 208, "y": 0, "flags": 4},
            {"matrix": [1, 0], "x": 0, "y": 13, "flags": 4},
            {"matrix": [1, 1], "x": 16, "y": 13, "flags": 4},
            {"matrix": [1, 2], "x": 32, "y": 13, "flags": 4},
            {"matrix": [1, 3], "x": 48, "y": 13, "flags": 4},
            {"matrix": [1, 4], "x": 64, "y": 13, "flags": 4},
            {"matrix": [1, 5], "x": 80, "y": 13, "flags": 4},
            {"matrix": [1, 6], "x": 96, "y": 13, "flags": 4},
            {"matrix": [1, 7], "x": 112, "y": 13, "flags": 4},
            {"matrix": [1, 8], "x": 128, "y": 13, "flags": 4},
            {"matrix": [1, 9], "x": 144, "y": 13, "flags": 4},
            {"matrix": [1, 10], "x": 160, "y": 13, "flags": 4},
            {"matrix": [1, 11], "x": 176, "y": 13, "flags": 4},
            {"matrix": [1, 12], "x": 192, "y": 13, "flags": 4},
            {"matrix": [1, 13], "x": 208, "y": 13, "flags": 4},
            {"matrix": [1, 14], "x": 224, "y": 13, "flags": 4},
            {"matrix": [2, 0], "x": 0, "y": 26, "flags": 4},
            {"matrix": [2, 1], "x": 16, "y": 26, "flags": 4},
            {"matrix": [2, 2], "x": 32, "y": 26, "flags": 4},
            {"matrix": [2, 3], "x": 48, "y": 26, "flags": 4},
            {"matrix": [2, 4], "x": 64, "y": 26, "flags": 4},
            {"matrix": [2, 5], "x": 80, "y": 26, "flags": 4},
            {"matrix": [2, 6], "x": 96, "y": 26, "flags": 4},
            {"matrix": [2, 7], "x": 112, "y": 26, "flags": 4},
            {"matrix": [2, 8], "x": 128, "y": 26, "flags": 4},
            {"matrix": [2, 9], "x": 144, "y": 26, "flags": 4},
            {"matrix": [2, 10], "x": 160, "y": 26, "flags": 4},
            {"matrix": [2, 11], "x": 176, "y": 26, "flags": 4},
            {"matrix": [2, 12], "x": 192, "y": 26, "flags": 4},
            {"matrix": [2, 13], "x": 208, "y": 26, "flags": 4},
            {"matrix": [2, 14], "x": 224, "y": 26, "flags": 4},
            {"matrix": [3, 0], "x": 0, "y": 38, "flags": 4},
            {"matrix": [3, 1], "x": 16, "y": 38, "flags": 4},
            {"matrix": [3, 2], "x": 32, "y": 38, "flags": 4},
            {"matrix": [3, 3], "x": 48, "y": 38, "flags": 4},
            {"matrix": [3, 4], "x": 64, "y": 38, "flags": 4},
            {"matrix": [3, 5], "x": 80, "y": 38, "flags": 4},
            {"matrix": [3, 6], "x": 96, "y": 38, "flags": 4},
            {"matrix": [3, 7], "x": 112, "y": 38, "flags": 4},
            {"matrix": [3, 8], "x": 128, "y": 38, "flags": 4},
            {"matrix": [3, 9], "x": 144, "y": 38, "flags": 4},
            {"matrix": [3, 10], "x": 160, "y": 38, "flags": 4},
            {"matrix": [3, 11], "x": 176, "y": 38, "flags": 4},
            {"matrix": [3, 12], "x": 192, "y": 38, "flags": 4},
            {"matrix": [3, 13], "x": 208, "y": 38, "flags": 4},
            {"matrix": [3, 14], "x": 224, "y": 38, "flags": 4},
            {"matrix": [4, 0], "x": 0, "y": 51, "flags": 4},
            {"matrix": [4, 1], "x": 16, "y": 51, "flags": 4},
            {"matrix": [4, 2], "x": 32, "y": 51, "flags": 4},
            {"matrix": [4, 3], "x": 48, "y": 51, "flags": 4},
            {"matrix": [4, 4], "x": 64, "y": 51, "flags": 4},
            {"matrix": [4, 5], "x": 80, "y": 51, "flags": 4},
            {"matrix": [4, 6], "x": 96, "y": 51, "flags": 4},
            {"matrix": [4, 7], "x": 112, "y": 51, "flags": 4},
            {"matrix": [4, 8], "x": 128, "y": 51, "flags": 4},
            {"matrix": [4, 9], "x": 144, "y": 51, "flags": 4},
            {"matrix": [4, 10], "x": 160, "y": 51, "flags": 4},
            {"matrix": [4, 11], "x": 176, "y": 51, "flags": 4},
            {"matrix": [4, 13], "x": 208, "y": 51, "flags": 4},
            {"matrix": [4, 14], "x": 224, "y": 51, "flags": 4},
            {"matrix": [4, 0], "x": 0, "y": 64, "flags": 4},
            {"matrix": [4, 1], "x": 16, "y": 64, "flags": 4},
            {"matrix": [4, 2], "x": 32, "y": 64, "flags": 4},
            {"matrix": [4, 3], "x": 48, "y": 64, "flags": 4},
            {"matrix": [4, 4], "x": 64, "y": 64, "flags": 4},
            {"matrix": [4, 6], "x": 96, "y": 64, "flags": 4},
            {"matrix": [4, 7], "x": 112, "y": 64, "flags": 4},
            {"matrix": [4, 9], "x": 144, "y": 64, "flags": 4},
            {"matrix": [4, 10], "x": 160, "y": 64, "flags": 4},
            {"matrix": [4, 11], "x": 176, "y": 64, "flags": 4},
            {"matrix": [4, 11], "x": 192, "y": 64, "flags": 4},
            {"matrix": [4, 13], "x": 208, "y": 64, "flags": 4},
            {"matrix": [4, 14], "x": 224, "y": 64, "flags": 4}
        ],
        "max_brightness": 100,
        "sat_steps": 64,
        "speed_steps": 51,
        "val_steps": 25
    },
    "url": "",
    "usb": {
        "device_version": "0.0.1",
        "force_nkro": true,
        "pid": "0xE452",
        "suspend_wakeup_delay": 1000,
        "vid": "0x342D"
    },
    "ws2812": {
        "pin": "B15"
    },
    "layouts": {
        "LAYOUT_ortho_6x15": {
            "layout": [
                {"matrix": [0, 0], "x": 0, "y": 0},
                {"matrix": [0, 1], "x": 1.5, "y": 0},
                {"matrix": [0, 2], "x": 2.5, "y": 0},
                {"matrix": [0, 3], "x": 3.5, "y": 0},
                {"matrix": [0, 4], "x": 4.5, "y": 0},
                {"matrix": [0, 5], "x": 5.75, "y": 0},
                {"matrix": [0, 6], "x": 6.75, "y": 0},
                {"matrix": [0, 7], "x": 7.75, "y": 0},
                {"matrix": [0, 8], "x": 8.75, "y": 0},
                {"matrix": [0, 9], "x": 10, "y": 0},
                {"matrix": [0, 10], "x": 11, "y": 0},
                {"matrix": [0, 11], "x": 12, "y": 0},
                {"matrix": [0, 12], "x": 13, "y": 0},
                {"matrix": [0, 13], "x": 14.25, "y": 0},
                {"matrix": [0, 14], "x": 15.75, "y": 0},
                {"matrix": [1, 0], "x": 0, "y": 1.25},
                {"matrix": [1, 1], "x": 1, "y": 1.25},
                {"matrix": [1, 2], "x": 2, "y": 1.25},
                {"matrix": [1, 3], "x": 3, "y": 1.25},
                {"matrix": [1, 4], "x": 4, "y": 1.25},
                {"matrix": [1, 5], "x": 5, "y": 1.25},
                {"matrix": [1, 6], "x": 6, "y": 1.25},
                {"matrix": [1, 7], "x": 7, "y": 1.25},
                {"matrix": [1, 8], "x": 8, "y": 1.25},
                {"matrix": [1, 9], "x": 9, "y": 1.25},
                {"matrix": [1, 10], "x": 10, "y": 1.25},
                {"matrix": [1, 11], "x": 11, "y": 1.25},
                {"matrix": [1, 12], "x": 12, "y": 1.25},
                {"matrix": [1, 13], "x": 13, "y": 1.25, "w": 2.25},
                {"matrix": [1, 14], "x": 15.75, "y": 1.25},
                {"matrix": [2, 0], "x": 0, "y": 2.25, "w": 1.5},
                {"matrix": [2, 1], "x": 2.5, "y": 2.25},
                {"matrix": [2, 2], "x": 3.5, "y": 2.25},
                {"matrix": [2, 3], "x": 4.5, "y": 2.25},
                {"matrix": [2, 4], "x": 5.5, "y": 2.25},
                {"matrix": [2, 5], "x": 6.5, "y": 2.25},
                {"matrix": [2, 6], "x": 7.5, "y": 2.25},
                {"matrix": [2, 7], "x": 8.5, "y": 2.25},
                {"matrix": [2, 8], "x": 9.5, "y": 2.25},
                {"matrix": [2, 9], "x": 10.5, "y": 2.25},
                {"matrix": [2, 10], "x": 11.5, "y": 2.25},
                {"matrix": [2, 11], "x": 12.5, "y": 2.25},
                {"matrix": [2, 12], "x": 13.5, "y": 2.25},
                {"matrix": [2, 13], "x": 14.5, "y": 2.25, "w": 1.75},
                {"matrix": [2, 14], "x": 15.75, "y": 2.25},
                {"matrix": [3, 0], "x": 0, "y": 3.25, "w": 1.75},
                {"matrix": [3, 1], "x": 2.75, "y": 3.25},
                {"matrix": [3, 2], "x": 3.75, "y": 3.25},
                {"matrix": [3, 3], "x": 4.75, "y": 3.25},
                {"matrix": [3, 4], "x": 5.75, "y": 3.25},
                {"matrix": [3, 5], "x": 6.75, "y": 3.25},
                {"matrix": [3, 6], "x": 7.75, "y": 3.25},
                {"matrix": [3, 7], "x": 8.75, "y": 3.25},
                {"matrix": [3, 8], "x": 9.75, "y": 3.25},
                {"matrix": [3, 9], "x": 10.75, "y": 3.25},
                {"matrix": [3, 10], "x": 11.75, "y": 3.25},
                {"matrix": [3, 11], "x": 12.75, "y": 3.25},
                {"matrix": [3, 13], "x": 13.75, "y": 3.25, "w": 2.5},
                {"matrix": [3, 14], "x": 15.75, "y": 3.25},
                {"matrix": [4, 0], "x": 0, "y": 4.25, "w": 2.25},
                {"matrix": [4, 1], "x": 3.25, "y": 4.25},
                {"matrix": [4, 2], "x": 4.25, "y": 4.25, "w": 1.25},
                {"matrix": [4, 3], "x": 5.25, "y": 4.25, "w": 2.75},
                {"matrix": [4, 4], "x": 6.25, "y": 4.25, "w": 2.75},
                {"matrix": [4, 5], "x": 7.25, "y": 4.25, "w": 2.75},
                {"matrix": [4, 6], "x": 8.25, "y": 4.25, "w": 2.75},
                {"matrix": [4, 7], "x": 9.25, "y": 4.25, "w": 2.25},
                {"matrix": [4, 8], "x": 10.25, "y": 4.25, "w": 1.25},
                {"matrix": [4, 9], "x": 11.25, "y": 4.25, "w": 1.25},
                {"matrix": [4, 10], "x": 12.25, "y": 4.25},
                {"matrix": [4, 11], "x": 13.25, "y": 4.25, "w": 2},
                {"matrix": [4, 13], "x": 14.5, "y": 4.25},
                {"matrix": [4, 14], "x": 15.75, "y": 4.25},
                {"matrix": [5, 0], "x": 0, "y": 5.25, "w": 1.25},
                {"matrix": [5, 1], "x": 1.25, "y": 5.25, "w": 1.25},
                {"matrix": [5, 2], "x": 2.5, "y": 5.25, "w": 1.25},
                {"matrix": [5, 3], "x": 3.75, "y": 5.25, "w": 2.25},
                {"matrix": [5, 5], "x": 5, "y": 5.25, "w": 1.25},
                {"matrix": [5, 6], "x": 6.25, "y": 5.25, "w": 2.75},
                {"matrix": [5, 7], "x": 9, "y": 5.25, "w": 1.25},
                {"matrix": [5, 9], "x": 10.25, "y": 5.25},
                {"matrix": [5, 10], "x": 11.25, "y": 5.25},
                {"matrix": [5, 11], "x": 12.25, "y": 5.25},
                {"matrix": [5, 12], "x": 13.5, "y": 5.25},
                {"matrix": [5, 13], "x": 14.5, "y": 5.25},
                {"matrix": [5, 14], "x": 15.5, "y": 5.25}
            ]
        }
    }
}