{
    "keyboard_name": "45ATS",
    "manufacturer": "Abec13",
    "url": "",
    "maintainer": "The-Royal",
    "usb": {
      "vid": "0xAB13",
      "pid": "0x4511",
      "device_version": "0.0.1"
    },
    "features": {
        "bootmagic": true,
        "command": true,
        "console": true,
        "extrakey": true,
        "mousekey": true,
        "nkro": false
    },
    "qmk": {
        "locking": {
            "enabled": true,
            "resync": true
        }
    },
    "matrix_pins": {
      "cols": ["E6", "B0", "B1", "B2", "B3", "B7", "F6", "F5", "F4", "C7", "F7", "C6", "B6", "D4"],
      "rows": ["D3", "D5", "D7", "D6"]
    },
    "diode_direction": "COL2ROW",
    "encoder": {
      "rotary": [
        {"pin_a": "B4", "pin_b": "B5"}
      ]
    },
    "processor": "atmega32u4",
    "bootloader": "atmel-dfu",
    "layouts": {
      "LAYOUT_split_space": {
        "layout": [
          {"matrix": [0, 0], "x": 0, "y": 0},
          {"matrix": [0, 1], "x": 1, "y": 0},
          {"matrix": [0, 2], "x": 2, "y": 0},
          {"matrix": [0, 3], "x": 3, "y": 0},
          {"matrix": [0, 4], "x": 4, "y": 0},
          {"matrix": [0, 5], "x": 5, "y": 0},
          {"matrix": [0, 6], "x": 6, "y": 0},
          {"matrix": [0, 7], "x": 7, "y": 0},
          {"matrix": [0, 8], "x": 8, "y": 0},
          {"matrix": [0, 9], "x": 9, "y": 0},
          {"matrix": [0, 10], "x": 10, "y": 0},
          {"matrix": [0, 11], "x": 11, "y": 0},
          {"matrix": [0, 12], "x": 12, "y": 0},

          {"matrix": [0, 13], "x": 13.5, "y": 0},

          {"matrix": [1, 0], "x": 0, "y": 1, "w": 1.25},
          {"matrix": [1, 1], "x": 1.25, "y": 1},
          {"matrix": [1, 2], "x": 2.25, "y": 1},
          {"matrix": [1, 3], "x": 3.25, "y": 1},
          {"matrix": [1, 4], "x": 4.25, "y": 1},
          {"matrix": [1, 5], "x": 5.25, "y": 1},
          {"matrix": [1, 6], "x": 6.25, "y": 1},
          {"matrix": [1, 7], "x": 7.25, "y": 1},
          {"matrix": [1, 8], "x": 8.25, "y": 1},
          {"matrix": [1, 9], "x": 9.25, "y": 1},
          {"matrix": [1, 10], "x": 10.25, "y": 1},
          {"matrix": [1, 11], "x": 11.25, "y": 1, "w": 1.75},

          {"matrix": [1, 13], "x": 13.5, "y": 1},

          {"matrix": [2, 0], "x": 0, "y": 2, "w": 1.75},
          {"matrix": [2, 1], "x": 1.75, "y": 2},
          {"matrix": [2, 2], "x": 2.75, "y": 2},
          {"matrix": [2, 3], "x": 3.75, "y": 2},
          {"matrix": [2, 4], "x": 4.75, "y": 2},
          {"matrix": [2, 5], "x": 5.75, "y": 2},
          {"matrix": [2, 6], "x": 6.75, "y": 2},
          {"matrix": [2, 7], "x": 7.75, "y": 2},
          {"matrix": [2, 8], "x": 8.75, "y": 2},
          {"matrix": [2, 9], "x": 9.75, "y": 2},
          {"matrix": [2, 10], "x": 10.75, "y": 2, "w": 1.25},

          {"matrix": [2, 11], "x": 12.25, "y": 2.25},

          {"matrix": [2, 13], "x": 13.5, "y": 2},

          {"matrix": [3, 0], "x": 0, "y": 3, "w": 1.25},
          {"matrix": [3, 1], "x": 1.25, "y": 3},
          {"matrix": [3, 2], "x": 2.25, "y": 3, "w": 1.25},
          {"matrix": [3, 3], "x": 3.5, "y": 3, "w": 2.75},
          {"matrix": [3, 6], "x": 6.25, "y": 3, "w": 2.25},
          {"matrix": [3, 8], "x": 8.5, "y": 3, "w": 1.25},
          {"matrix": [3, 9], "x": 9.75, "y": 3, "w": 1.25},

          {"matrix": [3, 10], "x": 11.25, "y": 3.25},
          {"matrix": [3, 11], "x": 12.25, "y": 3.25},
          {"matrix": [3, 13], "x": 13.25, "y": 3.25}
        ]
      },
      "LAYOUT_625_space": {
        "layout": [
          {"matrix": [0, 0], "x": 0, "y": 0},
          {"matrix": [0, 1], "x": 1, "y": 0},
          {"matrix": [0, 2], "x": 2, "y": 0},
          {"matrix": [0, 3], "x": 3, "y": 0},
          {"matrix": [0, 4], "x": 4, "y": 0},
          {"matrix": [0, 5], "x": 5, "y": 0},
          {"matrix": [0, 6], "x": 6, "y": 0},
          {"matrix": [0, 7], "x": 7, "y": 0},
          {"matrix": [0, 8], "x": 8, "y": 0},
          {"matrix": [0, 9], "x": 9, "y": 0},
          {"matrix": [0, 10], "x": 10, "y": 0},
          {"matrix": [0, 11], "x": 11, "y": 0},
          {"matrix": [0, 12], "x": 12, "y": 0},

          {"matrix": [0, 13], "x": 13.5, "y": 0},

          {"matrix": [1, 0], "x": 0, "y": 1, "w": 1.25},
          {"matrix": [1, 1], "x": 1.25, "y": 1},
          {"matrix": [1, 2], "x": 2.25, "y": 1},
          {"matrix": [1, 3], "x": 3.25, "y": 1},
          {"matrix": [1, 4], "x": 4.25, "y": 1},
          {"matrix": [1, 5], "x": 5.25, "y": 1},
          {"matrix": [1, 6], "x": 6.25, "y": 1},
          {"matrix": [1, 7], "x": 7.25, "y": 1},
          {"matrix": [1, 8], "x": 8.25, "y": 1},
          {"matrix": [1, 9], "x": 9.25, "y": 1},
          {"matrix": [1, 10], "x": 10.25, "y": 1},
          {"matrix": [1, 11], "x": 11.25, "y": 1, "w": 1.75},

          {"matrix": [1, 13], "x": 13.5, "y": 1},

          {"matrix": [2, 0], "x": 0, "y": 2, "w": 1.75},
          {"matrix": [2, 1], "x": 1.75, "y": 2},
          {"matrix": [2, 2], "x": 2.75, "y": 2},
          {"matrix": [2, 3], "x": 3.75, "y": 2},
          {"matrix": [2, 4], "x": 4.75, "y": 2},
          {"matrix": [2, 5], "x": 5.75, "y": 2},
          {"matrix": [2, 6], "x": 6.75, "y": 2},
          {"matrix": [2, 7], "x": 7.75, "y": 2},
          {"matrix": [2, 8], "x": 8.75, "y": 2},
          {"matrix": [2, 9], "x": 9.75, "y": 2},
          {"matrix": [2, 10], "x": 10.75, "y": 2, "w": 1.25},

          {"matrix": [2, 11], "x": 12.25, "y": 2.25},

          {"matrix": [2, 13], "x": 13.5, "y": 2},

          {"matrix": [3, 0], "x": 0, "y": 3, "w": 1.25},
          {"matrix": [3, 1], "x": 1.25, "y": 3},
          {"matrix": [3, 2], "x": 2.25, "y": 3, "w": 1.25},
          {"matrix": [3, 6], "x": 3.5, "y": 3, "w": 6.25},
          {"matrix": [3, 9], "x": 9.75, "y": 3, "w": 1.25},

          {"matrix": [3, 10], "x": 11.25, "y": 3.25},
          {"matrix": [3, 11], "x": 12.25, "y": 3.25},
          {"matrix": [3, 13], "x": 13.25, "y": 3.25}
        ]
      },
      "LAYOUT_600_space": {
        "layout": [
          {"matrix": [0, 0], "x": 0, "y": 0},
          {"matrix": [0, 1], "x": 1, "y": 0},
          {"matrix": [0, 2], "x": 2, "y": 0},
          {"matrix": [0, 3], "x": 3, "y": 0},
          {"matrix": [0, 4], "x": 4, "y": 0},
          {"matrix": [0, 5], "x": 5, "y": 0},
          {"matrix": [0, 6], "x": 6, "y": 0},
          {"matrix": [0, 7], "x": 7, "y": 0},
          {"matrix": [0, 8], "x": 8, "y": 0},
          {"matrix": [0, 9], "x": 9, "y": 0},
          {"matrix": [0, 10], "x": 10, "y": 0},
          {"matrix": [0, 11], "x": 11, "y": 0},
          {"matrix": [0, 12], "x": 12, "y": 0},

          {"matrix": [0, 13], "x": 13.5, "y": 0},

          {"matrix": [1, 0], "x": 0, "y": 1, "w": 1.25},
          {"matrix": [1, 1], "x": 1.25, "y": 1},
          {"matrix": [1, 2], "x": 2.25, "y": 1},
          {"matrix": [1, 3], "x": 3.25, "y": 1},
          {"matrix": [1, 4], "x": 4.25, "y": 1},
          {"matrix": [1, 5], "x": 5.25, "y": 1},
          {"matrix": [1, 6], "x": 6.25, "y": 1},
          {"matrix": [1, 7], "x": 7.25, "y": 1},
          {"matrix": [1, 8], "x": 8.25, "y": 1},
          {"matrix": [1, 9], "x": 9.25, "y": 1},
          {"matrix": [1, 10], "x": 10.25, "y": 1},
          {"matrix": [1, 11], "x": 11.25, "y": 1, "w": 1.75},

          {"matrix": [1, 13], "x": 13.5, "y": 1},

          {"matrix": [2, 0], "x": 0, "y": 2, "w": 1.75},
          {"matrix": [2, 1], "x": 1.75, "y": 2},
          {"matrix": [2, 2], "x": 2.75, "y": 2},
          {"matrix": [2, 3], "x": 3.75, "y": 2},
          {"matrix": [2, 4], "x": 4.75, "y": 2},
          {"matrix": [2, 5], "x": 5.75, "y": 2},
          {"matrix": [2, 6], "x": 6.75, "y": 2},
          {"matrix": [2, 7], "x": 7.75, "y": 2},
          {"matrix": [2, 8], "x": 8.75, "y": 2},
          {"matrix": [2, 9], "x": 9.75, "y": 2},
          {"matrix": [2, 10], "x": 10.75, "y": 2, "w": 1.25},

          {"matrix": [2, 11], "x": 12.25, "y": 2.25},

          {"matrix": [2, 13], "x": 13.5, "y": 2},

          {"matrix": [3, 0], "x": 0, "y": 3},
          {"matrix": [3, 1], "x": 1, "y": 3},
          {"matrix": [3, 2], "x": 2, "y": 3},
          {"matrix": [3, 6], "x": 3, "y": 3, "w": 6},
          {"matrix": [3, 8], "x": 9, "y": 3},
          {"matrix": [3, 9], "x": 10, "y": 3},

          {"matrix": [3, 10], "x": 11.25, "y": 3.25},
          {"matrix": [3, 11], "x": 12.25, "y": 3.25},
          {"matrix": [3, 13], "x": 13.25, "y": 3.25}
        ]
      }
    }
  }
